<?xml version="1.0" encoding="UTF-8"?>
<plugin id="org.tolven.assembler.pluginframework" version="2.0.27" class="org.tolven.assembler.pluginframework.PluginFrameworkAssembler" vendor="Tolven" xmlns="urn:tolven-org:tpf:1.0" xmlns:xsi="http://www.w3.org/2001/XMLSchema-instance" xsi:schemaLocation="urn:tolven-org:tpf:1.0 http://tolven.org/xsd/tpf.xsd">
	<runtime>
		<library id="tpfclasses" path="tpf/classes/" type="code" />
	</runtime>
	<extension-point id="devLib" extension-multiplicity="none">
		<parameter-def id="devLib.jar" default-value="devLib.jar" />
		<parameter-def id="jpf.jar" default-value="pluginLib/jpf.jar" />
		<parameter-def id="jpf-boot.jar" default-value="pluginLib/jpf-boot.jar" />
		<parameter-def id="jpf-tools" default-value="pluginLib/jpf-tools.jar" />
		<parameter-def id="tpf-boot.jar" default-value="pluginLib/tpf-boot.jar" />
		<parameter-def id="commons-logging.jar" default-value="pluginLib/commons-logging.jar" />
	</extension-point>
</plugin>