<?xml version="1.0" encoding="UTF-8"?>
<!DOCTYPE sun-ejb-jar PUBLIC "-//Sun Microsystems, Inc.//DTD Application Server 9.0 EJB 3.0//EN" "http://www.sun.com/software/appserver/dtds/sun-ejb-jar_3_0-0.dtd">
<sun-ejb-jar>
	<enterprise-beans>
		<ejb>
			<ejb-name>AdminAppMDB</ejb-name>
			<jndi-name>queue/adminApp</jndi-name>
			<principal>
				<name>tolvenAdminApp</name>
			</principal>
			<mdb-connection-factory>
				<jndi-name>jms/JmsXA</jndi-name>
			</mdb-connection-factory>
			<mdb-resource-adapter>
				<resource-adapter-mid>jmsra</resource-adapter-mid>
				<activation-config>
					<activation-config-property>
						<activation-config-property-name>destination</activation-config-property-name>
						<activation-config-property-value>adminApp</activation-config-property-value>
					</activation-config-property>
					<activation-config-property>
						<activation-config-property-name>destinationType</activation-config-property-name>
						<activation-config-property-value>javax.jms.Queue</activation-config-property-value>
					</activation-config-property>
					<activation-config-property>
						<!-- Keep thread-count small so we don't clobber user performance -->
						<activation-config-property-name>EndpointPoolMaxSize</activation-config-property-name>
						<activation-config-property-value>1</activation-config-property-value>
					</activation-config-property>
					<activation-config-property>
						<activation-config-property-name>EndpointPoolResizeCount</activation-config-property-name>
						<activation-config-property-value>1</activation-config-property-value>
					</activation-config-property>
					<activation-config-property>
						<activation-config-property-name>SendUndeliverableMsgsToDMQ  </activation-config-property-name>
						<activation-config-property-value>true</activation-config-property-value>
					</activation-config-property>
				</activation-config>
			</mdb-resource-adapter>
		</ejb>
		<ejb>
			<ejb-name>Evaluator</ejb-name>
			<jndi-name>queue/rule</jndi-name>
			<principal>
				<name>mdbuser</name>
			</principal>
			<mdb-connection-factory>
				<jndi-name>jms/JmsXA</jndi-name>
			</mdb-connection-factory>
			<mdb-resource-adapter>
				<resource-adapter-mid>jmsra</resource-adapter-mid>
				<activation-config>
					<activation-config-property>
						<activation-config-property-name>destination</activation-config-property-name>
						<activation-config-property-value>rule</activation-config-property-value>
					</activation-config-property>
					<activation-config-property>
						<activation-config-property-name>destinationType</activation-config-property-name>
						<activation-config-property-value>javax.jms.Queue</activation-config-property-value>
					</activation-config-property>
					<activation-config-property>
						<!-- Keep thread-count small so we don't clobber user performance -->
						<activation-config-property-name>EndpointPoolMaxSize</activation-config-property-name>
						<activation-config-property-value>2</activation-config-property-value>
					</activation-config-property>
					<activation-config-property>
						<activation-config-property-name>EndpointPoolResizeCount</activation-config-property-name>
						<activation-config-property-value>1</activation-config-property-value>
					</activation-config-property>
					<activation-config-property>
						<activation-config-property-name>SendUndeliverableMsgsToDMQ</activation-config-property-name>
						<activation-config-property-value>true</activation-config-property-value>
					</activation-config-property>
				</activation-config>
			</mdb-resource-adapter>
		</ejb>
		<ejb>
			<ejb-name>GenDriver</ejb-name>
			<jndi-name>queue/generator</jndi-name>
			<principal>
				<name>tolvenGen</name>
			</principal>
			<mdb-connection-factory>
				<jndi-name>jms/JmsXA</jndi-name>
			</mdb-connection-factory>
			<mdb-resource-adapter>
				<resource-adapter-mid>jmsra</resource-adapter-mid>
				<activation-config>
					<activation-config-property>
						<activation-config-property-name>destination</activation-config-property-name>
						<activation-config-property-value>generator</activation-config-property-value>
					</activation-config-property>
					<activation-config-property>
						<activation-config-property-name>destinationType</activation-config-property-name>
						<activation-config-property-value>javax.jms.Queue</activation-config-property-value>
					</activation-config-property>
					<activation-config-property>
						<!-- Keep thread-count small so we don't clobber user performance -->
						<activation-config-property-name>EndpointPoolMaxSize</activation-config-property-name>
						<activation-config-property-value>1</activation-config-property-value>
					</activation-config-property>
					<activation-config-property>
						<activation-config-property-name>EndpointPoolResizeCount</activation-config-property-name>
						<activation-config-property-value>1</activation-config-property-value>
					</activation-config-property>
					<activation-config-property>
						<activation-config-property-name>SendUndeliverableMsgsToDMQ  </activation-config-property-name>
						<activation-config-property-value>true</activation-config-property-value>
					</activation-config-property>
				</activation-config>
			</mdb-resource-adapter>
		</ejb>
		<ejb>
			<ejb-name>InvitationSender</ejb-name>
			<jndi-name>queue/invitation</jndi-name>
			<principal>
				<name>tolvenInvitation</name>
			</principal>
			<mdb-connection-factory>
				<jndi-name>jms/JmsXA</jndi-name>
			</mdb-connection-factory>
			<mdb-resource-adapter>
				<resource-adapter-mid>jmsra</resource-adapter-mid>
				<activation-config>
					<activation-config-property>
						<activation-config-property-name>destination</activation-config-property-name>
						<activation-config-property-value>invitation</activation-config-property-value>
					</activation-config-property>
					<activation-config-property>
						<activation-config-property-name>destinationType</activation-config-property-name>
						<activation-config-property-value>javax.jms.Queue</activation-config-property-value>
					</activation-config-property>
					<activation-config-property>
						<activation-config-property-name>SendUndeliverableMsgsToDMQ  </activation-config-property-name>
						<activation-config-property-value>true</activation-config-property-value>
					</activation-config-property>
				</activation-config>
			</mdb-resource-adapter>
		</ejb>
		<message-destination>
			<message-destination-name>RuleQueue</message-destination-name>
			<jndi-name>queue/rule</jndi-name>
		</message-destination>
		<message-destination>
			<message-destination-name>AdminAppQueue</message-destination-name>
			<jndi-name>queue/adminApp</jndi-name>
		</message-destination>
		<message-destination>
			<message-destination-name>GeneratorQueue</message-destination-name>
			<jndi-name>queue/generator</jndi-name>
		</message-destination>
		<message-destination>
			<message-destination-name>InvitationQueue</message-destination-name>
			<jndi-name>queue/invitation</jndi-name>
		</message-destination>
	</enterprise-beans>
</sun-ejb-jar>
