<?xml version="1.0" encoding="UTF-8"?>
<plugin id="org.tolven.library.tolvencommon" version="2.0.19" vendor="Tolven" xmlns="urn:tolven-org:tpf:1.0" xmlns:xsi="http://www.w3.org/2001/XMLSchema-instance" xsi:schemaLocation="urn:tolven-org:tpf:1.0 http://tolven.org/xsd/tpf.xsd">
	<requires>
		<import plugin-id="org.tolven.component.tolvenweb" />
	</requires>
	<extension-point id="lib" extension-multiplicity="none">
		<parameter-def id="tolvenCommon" default-value="tolvenCommon.jar" multiplicity="none-or-one" />
	</extension-point>
	<extension-point id="devLib" extension-multiplicity="none">
		<parameter-def id="jar" default-value="devLib.jar" />
	</extension-point>
	<extension id="remoteFile" plugin-id="org.tolven.component.tolvenweb" point-id="remoteFile">
		<parameter id="file" value="tolvenCommon.jar" />
	</extension>
</plugin>