<?xml version="1.0" encoding="UTF-8"?>
<plugin id="org.tolven.analysis" version="2.0.11" vendor="Tolven" xmlns="urn:tolven-org:tpf:1.0" xmlns:xsi="http://www.w3.org/2001/XMLSchema-instance" xsi:schemaLocation="urn:tolven-org:tpf:1.0 http://tolven.org/xsd/tpf.xsd">
	<requires>
		<import plugin-id="org.tolven.component.application" />
		<import plugin-id="org.tolven.component.tolvenweb" />
		<import plugin-id="org.tolven.component.tolvenlocale" />
		<import plugin-id="org.tolven.component.war" />
		<import plugin-id="org.tolven.component.faces" />
		<import plugin-id="org.tolven.component.tolvenejb" />
	</requires>
	<extension-point id="devLib" extension-multiplicity="none">
		<parameter-def id="jar" default-value="devLib.jar" />
	</extension-point>
	<extension id="applications" plugin-id="org.tolven.component.application" point-id="applications">
		<parameter id="dir" value="app" />
	</extension>
	<extension id="rules" plugin-id="org.tolven.component.application" point-id="rules">
		<parameter id="dir" value="app/rules" />
	</extension>
	<extension id="drilldownDirectory" plugin-id="org.tolven.component.tolvenweb" point-id="drilldownDirectory">
		<parameter id="sourceDirectory" value="web/drilldown" />
	</extension>
	<extension id="fiveDirectory" plugin-id="org.tolven.component.tolvenweb" point-id="fiveDirectory">
		<parameter id="sourceDirectory" value="web/five" />
	</extension>
	<extension id="manageDirectory" plugin-id="org.tolven.component.tolvenweb" point-id="manageDirectory">
		<parameter id="sourceDirectory" value="web/manage" />
	</extension>
	<extension id="wizardDirectory" plugin-id="org.tolven.component.tolvenweb" point-id="wizardDirectory">
		<parameter id="sourceDirectory" value="web/wizard" />
	</extension>
	<extension id="locale-en-application-locale" plugin-id="org.tolven.component.tolvenlocale" point-id="application-locale">
		<parameter id="application-name" value="echr" />
		<parameter id="properties-file" value="locale_en/echr/AppBundle_en.properties" />
	</extension>
	<extension id="PortletChartServlet" plugin-id="org.tolven.component.war" point-id="servlet">
		<parameter id="servlet-name" value="PortletChartServlet" />
		<parameter id="servlet-class" value="org.tolven.web.servlet.PortletChartServlet" />
		<parameter id="web-resource-name" value="Secure pages" />
		<parameter id="transaction" value="true" />
		<parameter id="load-on-startup" value="5" />
		<parameter id="target-plugin-id" value="org.tolven.component.tolvenweb" />
	</extension>
	<extension id="PortletChartServlet-contribution" plugin-id="org.tolven.component.war" point-id="servlet-mapping-contribution">
		<parameter id="servlet-name" value="PortletChartServlet" />
		<parameter id="url-pattern" value="/five/analysis/portletchart/*" />
		<parameter id="target-plugin-id" value="org.tolven.component.tolvenweb" />
	</extension>
	<extension id="webclasses" plugin-id="org.tolven.component.tolvenweb" point-id="classes">
		<parameter id="dir" value="web/classes" />
	</extension>
	<extension id="ejbclasses" plugin-id="org.tolven.component.tolvenejb" point-id="classes">
		<parameter id="dir" value="ejb/classes" />
	</extension>
	<extension id="property" plugin-id="org.tolven.component.tolvenejb" point-id="property">
		<parameter id="class" value="org.tolven.doc.bean.Evaluator" />
		<parameter id="name" value="processorJNDI" />
		<parameter id="value" value="java:global/tolven/tolvenEJB/SnapshotProcessor!org.tolven.analysis.SnapshotProcessorLocal" />
	</extension>
	<extension id="analysisAdmin-navigation-rule-contribution" plugin-id="org.tolven.component.faces" point-id="navigation-rule-contribution">
		<parameter id="from-view-id" value="/manage/preferences.xhtml" />
		<parameter id="navigation-case">
			<parameter id="from-outcome" value="analysisAdmin" />
			<parameter id="to-view-id" value="/manage/analysis/analysisAdmin.xhtml" />
			<parameter id="redirect" />
		</parameter>
		<parameter id="target-plugin-id" value="org.tolven.component.tolvenweb" />
	</extension>
	<extension id="snapshot-managed-bean" plugin-id="org.tolven.component.faces" point-id="managed-bean">
		<parameter id="description" value="Used for Snapshots" />
		<parameter id="managed-bean-name" value="snapshot" />
		<parameter id="managed-bean-class" value="org.tolven.web.analysis.SnapshotAction" />
		<parameter id="managed-bean-scope" value="request" />
		<parameter id="managed-property">
			<parameter id="property-name" value="cohortType" />
			<parameter id="property-class" value="java.lang.String" />
			<parameter id="value" value="#{param['cohortType']}" />
		</parameter>
		<parameter id="managed-property">
			<parameter id="property-name" value="snapshotType" />
			<parameter id="property-class" value="java.lang.String" />
			<parameter id="value" value="#{param['snapshotType']}" />
		</parameter>
		<parameter id="target-plugin-id" value="org.tolven.component.tolvenweb" />
	</extension>
	<extension id="cohortAnalysis-managed-bean" plugin-id="org.tolven.component.faces" point-id="managed-bean">
		<parameter id="description" value="Used for Cohort Analysis" />
		<parameter id="managed-bean-name" value="cohortAnalysis" />
		<parameter id="managed-bean-class" value="org.tolven.web.analysis.CohortAnalysisAction" />
		<parameter id="managed-bean-scope" value="request" />
		<parameter id="target-plugin-id" value="org.tolven.component.tolvenweb" />
	</extension>
	<extension id="/*-navigation-rule-contribution" plugin-id="org.tolven.component.faces" point-id="navigation-rule-contribution">
		<parameter id="from-view-id" value="/*" />
		<parameter id="navigation-case">
			<parameter id="from-outcome" value="analysisAdmin" />
			<parameter id="to-view-id" value="/manage/analysis/analysisAdmin.xhtml" />
			<parameter id="redirect" />
		</parameter>
		<parameter id="target-plugin-id" value="org.tolven.component.tolvenweb" />
	</extension>
	<extension id="/analysis/analysisAdmin.xhtml-navigation-rule" plugin-id="org.tolven.component.faces" point-id="navigation-rule">
		<parameter id="description" value="Manage Analysis" />
		<parameter id="from-view-id" value="/manage/analysis/analysisAdmin.xhtml" />
		<parameter id="target-plugin-id" value="org.tolven.component.tolvenweb" />
	</extension>
</plugin>