<?xml version="1.0" encoding="UTF-8"?>
<trim 
	xmlns="urn:tolven-org:trim:4.0" 
	xmlns:xsi="http://www.w3.org/2001/XMLSchema-instance" 
	xsi:schemaLocation="urn:tolven-org:trim:4.0	http://tolven.org/xsd/trim4">
	<extends>patientAct</extends>
	<abstract>true</abstract>
	<name>obs/evn/allergy</name>
	<page>allergy.xhtml</page>
	<drilldown>allergyDD.xhtml</drilldown>
	<menu>global:allergyMenu</menu>
	<reference>http://wikihit.org/wiki/index.php/Allergy</reference>
	<application name="ephr">
		<instance>ephr:patient:allergy</instance>
		<wip>ephr:activity:all</wip>
	</application>
	<application name="echr">
		<instance>echr:patient:allergy</instance>
		<wip>echr:activity:all</wip>
	</application>
	<act classCode="OBS" moodCode="EVN">
		<bind application="echr" phase="create">
			<placeholder bindAction="merge">
				<path>echr:patient:allergy</path>
			</placeholder>
		</bind>
		<bind application="ephr" phase="create">
			<placeholder bindAction="merge">
				<path>ephr:patient:allergy</path>
			</placeholder>
		</bind>
		<code>
			<CD>
				<code>OINT</code>
				<codeSystemName>HL7</codeSystemName>
				<codeSystemVersion>3.0</codeSystemVersion>
			</CD>
		</code>
		<title>
			<ST>Allergy</ST>
		</title>
		<effectiveTime>
			<label>Onset of Symptoms</label>
			<new datatype="TS" function="now"/>
		</effectiveTime>
		<relationship name="reaction" direction="OUT" typeCode="PERT" >
			<act xsi:type="Act"  classCode="OBS" moodCode="EVN">
				<title>
					<ST>Reaction</ST>
				</title>
				<observation>
					<value>
						<label>reaction</label>
						<valueSet>reaction</valueSet>
					</value>
				</observation>
			</act>
		</relationship>
		<relationship name="severity" direction="OUT" typeCode="PERT" >
			<act xsi:type="Act"  classCode="OBS" moodCode="EVN">
				<title>
					<ST>Severity</ST>
				</title>
				<observation>
					<value>
						<label>Severity</label>
						<valueSet>severity</valueSet>
					</value>
				</observation>
			</act>
		</relationship>
		<relationship name="encounter" direction="IN" typeCode="COMP" >
			<act classCode="OBS" moodCode="EVN">
				<bind application="echr" phase="create">
					<placeholder bindAction="exist" optional="true">
						<path>echr:patient:encounter</path>
					</placeholder>
				</bind>
				<bind application="ephr" phase="create">
					<placeholder bindAction="exist" optional="true">
						<path>ephr:patient:encounter</path>
					</placeholder>
				</bind>
				<bind application="echr" phase="request">
					<list cardinality="single">
						<path>echr:patient:encounters:active</path>
					</list>
				</bind>
				<id/>
				<title>
					<ST>Encounter</ST>
				</title>
			</act>
		</relationship>
	</act>
	<valueSet name="severity">
		<CE>
			<displayName>Mild</displayName>
			<code>C0547040</code>
			<codeSystem>2.16.840.1.113883.6.56</codeSystem>
			<codeSystemVersion>2007AA</codeSystemVersion>
		</CE>
		<CE>
			<displayName>Mild to moderate</displayName>
			<code>C1299392</code>
			<codeSystem>2.16.840.1.113883.6.56</codeSystem>
			<codeSystemVersion>2007AA</codeSystemVersion>
		</CE>
		<CE>
			<displayName>Moderate</displayName>
			<code>C0205081</code>
			<codeSystem>2.16.840.1.113883.6.56</codeSystem>
			<codeSystemVersion>2007AA</codeSystemVersion>
		</CE>
		<CE>
			<displayName>Moderate to severe</displayName>
			<code>C1299393</code>
			<codeSystem>2.16.840.1.113883.6.56</codeSystem>
			<codeSystemVersion>2007AA</codeSystemVersion>
		</CE>
		<CE>
			<displayName>Severe</displayName>
			<code>C0205082</code>
			<codeSystem>2.16.840.1.113883.6.56</codeSystem>
			<codeSystemVersion>2007AA</codeSystemVersion>
		</CE>
		<CE>
			<displayName>Fatal</displayName>
			<code>C1302234</code>
			<codeSystem>2.16.840.1.113883.6.56</codeSystem>
			<codeSystemVersion>2007AA</codeSystemVersion>
		</CE>
	</valueSet>
	<valueSet name="reaction">
		<CE>
			<displayName>Anaphylaxis</displayName>
			<code>X1</code>
			<codeSystem>2.16.840.1.113883.6.56</codeSystem>
			<codeSystemVersion>2007AA</codeSystemVersion>
		</CE>
		<CE>
			<displayName>Diarrhea</displayName>
			<code>X2</code>
			<codeSystem>2.16.840.1.113883.6.56</codeSystem>
			<codeSystemVersion>2007AA</codeSystemVersion>
		</CE>
		<CE>
			<displayName>Difficulty in breathing</displayName>
			<code>X3</code>
			<codeSystem>2.16.840.1.113883.6.56</codeSystem>
			<codeSystemVersion>2007AA</codeSystemVersion>
		</CE>
		<CE>
			<displayName>Fainting</displayName>
			<code>X4</code>
			<codeSystem>2.16.840.1.113883.6.56</codeSystem>
			<codeSystemVersion>2007AA</codeSystemVersion>
		</CE>
		<CE>
			<displayName>Headache</displayName>
			<code>X5</code>
			<codeSystem>2.16.840.1.113883.6.56</codeSystem>
			<codeSystemVersion>2007AA</codeSystemVersion>
		</CE>
		<CE>
			<displayName>Hives</displayName>
			<code>X6</code>
			<codeSystem>2.16.840.1.113883.6.56</codeSystem>
			<codeSystemVersion>2007AA</codeSystemVersion>
		</CE>
		<CE>
			<displayName>Itching eyes</displayName>
			<code>X7</code>
			<codeSystem>2.16.840.1.113883.6.56</codeSystem>
			<codeSystemVersion>2007AA</codeSystemVersion>
		</CE>
		<CE>
			<displayName>Itching skin (without rash or hives)</displayName>
			<code>X8</code>
			<codeSystem>2.16.840.1.113883.6.56</codeSystem>
			<codeSystemVersion>2007AA</codeSystemVersion>
		</CE>
		<CE>
			<displayName>Nausea</displayName>
			<code>X9</code>
			<codeSystem>2.16.840.1.113883.6.56</codeSystem>
			<codeSystemVersion>2007AA</codeSystemVersion>
		</CE>
		<CE>
			<displayName>Pain or stuffiness in ears</displayName>
			<code>X10</code>
			<codeSystem>2.16.840.1.113883.6.56</codeSystem>
			<codeSystemVersion>2007AA</codeSystemVersion>
		</CE>
		<CE>
			<displayName>Rash</displayName>
			<code>X11</code>
			<codeSystem>2.16.840.1.113883.6.56</codeSystem>
			<codeSystemVersion>2007AA</codeSystemVersion>
		</CE>
		<CE>
			<displayName>Runny nose</displayName>
			<code>X12</code>
			<codeSystem>2.16.840.1.113883.6.56</codeSystem>
			<codeSystemVersion>2007AA</codeSystemVersion>
		</CE>
		<CE>
			<displayName>Shock</displayName>
			<code>X13</code>
			<codeSystem>2.16.840.1.113883.6.56</codeSystem>
			<codeSystemVersion>2007AA</codeSystemVersion>
		</CE>
		<CE>
			<displayName>Sneezing</displayName>
			<code>X14</code>
			<codeSystem>2.16.840.1.113883.6.56</codeSystem>
			<codeSystemVersion>2007AA</codeSystemVersion>
		</CE>
		<CE>
			<displayName>Sore throat</displayName>
			<code>X15</code>
			<codeSystem>2.16.840.1.113883.6.56</codeSystem>
			<codeSystemVersion>2007AA</codeSystemVersion>
		</CE>
		<CE>
			<displayName>Swelling of lips</displayName>
			<code>X16</code>
			<codeSystem>2.16.840.1.113883.6.56</codeSystem>
			<codeSystemVersion>2007AA</codeSystemVersion>
		</CE>
		<CE>
			<displayName>Swelling of ankles</displayName>
			<code>X17</code>
			<codeSystem>2.16.840.1.113883.6.56</codeSystem>
			<codeSystemVersion>2007AA</codeSystemVersion>
		</CE>
		<CE>
			<displayName>Tightness in throat</displayName>
			<code>X18</code>
			<codeSystem>2.16.840.1.113883.6.56</codeSystem>
			<codeSystemVersion>2007AA</codeSystemVersion>
		</CE>
		<CE>
			<displayName>Vomiting</displayName>
			<code>X19</code>
			<codeSystem>2.16.840.1.113883.6.56</codeSystem>
			<codeSystemVersion>2007AA</codeSystemVersion>
		</CE>
		<CE>
			<displayName>Wheezing</displayName>
			<code>X20</code>
			<codeSystem>2.16.840.1.113883.6.56</codeSystem>
			<codeSystemVersion>2007AA</codeSystemVersion>
		</CE>
	</valueSet>
</trim>
