<?xml version="1.0" encoding="UTF-8"?>
<trim 
	xmlns="urn:tolven-org:trim:4.0" 
	xmlns:xsi="http://www.w3.org/2001/XMLSchema-instance" 
	xmlns:xs="http://www.w3.org/2001/XMLSchema" 
	xsi:schemaLocation="urn:tolven-org:trim:4.0	http://tolven.org/xsd/trim4">
	<extends>patientAct</extends>
	<name>act/evn/treatmentPlan</name>
	<description>Breast Treatment Plan</description>
	<page>bcc/plan.xhtml</page>
	<drilldown>planDD.xhtml</drilldown>
	<menu>global:treatmentPlanMenu</menu>
	<reference></reference>
	<application name="echr">
		<instance>echr:patient:plan</instance>
		<wip>echr:activity:all</wip>
	</application>
	<application name="ephr">
		<instance>ephr:patient:plan</instance>
		<wip>ephr:activity:all</wip>
	</application>
	<transitions path="trim.act.statusCodeValue">
		<transition name="create" to="active">
			<label language="en">Active</label>
		</transition>
		<transition name="reviseActive" from="active" to="active">
			<label language="en">Revise</label>
		</transition>
		<transition name="eie" from="active" to="nullified">
			<label language="en">Entered in Error</label>
		</transition>
	</transitions>
	<act classCode="ACT" moodCode="INT">
		<bind application="echr" phase="create">
			<placeholder bindAction="merge">
				<path>echr:patient:plan</path>
			</placeholder>
		</bind>
		<bind application="ephr" phase="create">
			<placeholder bindAction="merge">
				<path>ephr:patient:plan</path>
			</placeholder>
		</bind>
		<code>
			<CD>
				<code>Plan</code>
				<codeSystemName>HL7</codeSystemName>
				<codeSystemVersion>3.0</codeSystemVersion>
			</CD>
		</code>
		<statusCode>active</statusCode>
		<text>
			<label>Name of plan</label>
			<ST/>
		</text>
		<effectiveTime>
			<IVL_TS>
				<low>
					<label>Start Date</label>
					<TS><value>#{TS(now)}</value></TS>
				</low>
				<high>
					<label>Projected End Date</label>
					<TS/>
				</high>
				<width>
					<PQ>
						<value>0.0</value>
						<unit>days</unit>
					</PQ>
				</width>
			</IVL_TS>
		</effectiveTime>
		<participation name="author" typeCode="AUT">
			<role classCode="ASSIGNED">
				<bind application="echr" phase="request">
					<list cardinality="multiple">
						<path>echr:admin:staff:all</path>
					</list>
				</bind>
				<id/>
			</role>
		</participation>
		<relationship name="planStatus" direction="OUT" typeCode="PERT" >
			<act classCode="OBS" moodCode="EVN">
				<title>
					<ST>Plan Status</ST>
				</title>
				<observation>
					<value>
						<label>Status</label>
						<valueSet>planStatus</valueSet>
						<CE>
							<label>Proposed</label>
							<displayName>Proposed</displayName>
							<code>proposed</code>
							<codeSystem>2.16.840.1.113883.6.56</codeSystem>
							<codeSystemVersion>2007AA</codeSystemVersion>
						</CE>
					</value>
				</observation>
			</act>
		</relationship>
		<relationship name="nextStep" direction="OUT" typeCode="COMP" optional="true" repeating="true">
			<choice name="surgery" title="Surgery" include="proc/prp/surgery/breast"/>
			<choice name="chemo" title="Chemotherapy" include="proc/prp/chemo/breast"/>
			<choice name="xrt" title="Radiation" include="proc/prp/radiation/breast"/>
			<choice name="hrt" title="Hormone Replacement" include="proc/prp/hrt/breast"/>
			<choice name="wait" title="Wait" include="proc/prp/waitPlan"/>
		</relationship>
		<compute>
			<type>org.tolven.process.ComputePlan</type>
		</compute>
	</act>
	<valueSet name="planStatus">
		<CE>
			<label>Proposed</label>
			<displayName>Proposed</displayName>
			<code>proposed</code>
			<codeSystem>2.16.840.1.113883.6.56</codeSystem>
			<codeSystemVersion>2007AA</codeSystemVersion>
		</CE>
		<CE>
			<label>Active</label>
			<displayName>Active</displayName>
			<code>active</code>
			<codeSystem>2.16.840.1.113883.6.56</codeSystem>
			<codeSystemVersion>2007AA</codeSystemVersion>
		</CE>
		<CE>
			<label>Obsolete</label>
			<displayName>Obsolete</displayName>
			<code>obsolete</code>
			<codeSystem>2.16.840.1.113883.6.56</codeSystem>
			<codeSystemVersion>2007AA</codeSystemVersion>
		</CE>
	</valueSet>

</trim>
