<?xml version="1.0" encoding="UTF-8"?>
<trim 
	xmlns="urn:tolven-org:trim:4.0" 
	xmlns:xs="http://www.w3.org/2001/XMLSchema" 
	xmlns:xsi="http://www.w3.org/2001/XMLSchema-instance" 
	xsi:schemaLocation="urn:tolven-org:trim:4.0	http://tolven.org/xsd/trim4">
	<name>proc/prp/radiation/breast</name>
	<reference></reference>
	<act classCode="PROC" moodCode="INT">
		<bind application="echr" phase="create">
			<placeholder bindAction="merge">
				<path>echr:patient:procedure</path>
			</placeholder>
		</bind>
		<bind application="ephr" phase="create">
			<placeholder bindAction="merge">
				<path>ephr:patient:procedure</path>
			</placeholder>
		</bind>
		<page>radiation.xhtml</page>
		<drilldown>radiationDD.xhtml</drilldown>
		<title>
			<ST>XRT</ST>
		</title>
		<text>
			<label>Location</label>
			<ST/>
		</text>
		<effectiveTime>
			<IVL_TS>
				<low>
					<label>Projected Start Date</label>
					<TS/>
				</low>
				<high>
					<label>Projected End Date</label>
					<TS/>
				</high>
				<width>
					<PQ>
						<value>0.0</value>
						<unit>day</unit>
					</PQ>
				</width>
			</IVL_TS>
			<PIVL>
				<period>
					<PQ>
						<value>1.0</value>
						<unit>day</unit>
					</PQ>
				</period>
				<count>
					<INT>
						<value>0</value>
					</INT>
				</count>
			</PIVL>
		</effectiveTime>
		<participation name="location" typeCode="LOC">
			<role classCode="SDLOC">
				<bind application="echr" phase="request">
					<list cardinality="single">
						<path>echr:admin:location:all</path>
					</list>
				</bind>
				<id/>
			</role>
		</participation>
		<participation name="performer" typeCode="PRF">
			<role classCode="ASSIGNED">
				<bind application="echr" phase="request">
					<list cardinality="multiple">
						<path>echr:admin:staff:all</path>
					</list>
				</bind>
				<id/>
			</role>
		</participation>
		<relationship name="nextStep" direction="OUT" typeCode="COMP" optional="true" repeating="true">
			<choice name="surgery" title="Surgery" include="proc/prp/surgery/breast"/>
			<choice name="chemo" title="Chemotherapy" include="proc/prp/chemo/breast"/>
			<choice name="xrt" title="Radiation" include="proc/prp/radiation/breast"/>
			<choice name="hrt" title="Hormone Replacement" include="proc/prp/hrt/breast"/>
			<choice name="wait" title="Wait" include="proc/prp/waitPlan"/>
		</relationship>
		<compute>
			<type>org.tolven.process.ComputePlan</type>
			<property name="template">
				<value xsi:type="xs:string">proc/rqo/radiation/breast</value>
			</property>
		</compute>
	</act>
</trim>
