<?xml version="1.0" encoding="UTF-8"?>
<trim 
	xmlns="urn:tolven-org:trim:4.0" 
	xmlns:xsi="http://www.w3.org/2001/XMLSchema-instance" 
	xsi:schemaLocation="urn:tolven-org:trim:4.0	http://tolven.org/xsd/trim4">
	<extends>observation</extends>
	<name>psych/cognistat</name>
	<page>cognistat.xhtml</page>
	<drilldown>cognistatDD.xhtml</drilldown>
	<act classCode="OBS" moodCode="EVN">
		<code>
			<CD>
				<code>C0017594</code>
				<codeSystemName>UMLS</codeSystemName>
				<codeSystemVersion>2007AA</codeSystemVersion>
			</CD>
		</code>
			<title>
				<ST>Cognistat</ST>
			</title>
			<effectiveTime>
				<label>Effective time of registration</label>
				<new datatype="TS" function="now"/>
			</effectiveTime>
	</act>
</trim>
