<?xml version="1.0" encoding="UTF-8"?>
<trim 
	xmlns="urn:tolven-org:trim:4.0" 
	xmlns:xsi="http://www.w3.org/2001/XMLSchema-instance" 
	xsi:schemaLocation="urn:tolven-org:trim:4.0	http://tolven.org/xsd/trim4">
	<extends>patientAct</extends>
	<name>enc/evn/er</name>
	<page>encounter.xhtml</page>
	<drilldown>encounterDD.xhtml</drilldown>
	<menu>global:encounterMenu</menu>
	<reference>http://wikihit.org/wiki/index.php/Encounter</reference>
	<application name="echr">
		<instance>echr:patient:encounter</instance>
		<wip>echr:activity:all</wip>
	</application>
	<act classCode="ENC" moodCode="EVN">
		<bind application="echr" phase="create">
			<placeholder bindAction="merge">
				<path>echr:patient:encounter</path>
			</placeholder>
		</bind>
		<bind application="ephr" phase="create">
			<placeholder bindAction="merge">
				<path>ephr:patient:encounter</path>
			</placeholder>
		</bind>
		<code>
			<CD>
				<code>AMB</code>
				<codeSystemName>HL7</codeSystemName>
				<codeSystemVersion>3.0</codeSystemVersion>
			</CD>
		</code>
		<title>
			<ST>Emergency Room Encounter</ST>
		</title>
		<effectiveTime>
			<IVL_TS>
				<low>
					<label>Date of Visit</label>
					<TS><value>#{TS[now]}</value></TS>
				</low>
				<high>
					<label>Discharge Date</label>
					<TS/>
				</high>
			</IVL_TS>
		</effectiveTime>
		<patientEncounter>
		</patientEncounter>
	</act>
</trim>
