<?xml version="1.0" encoding="UTF-8"?>
<trim xmlns="urn:tolven-org:trim:4.0" 
	xmlns:jaxb="http://java.sun.com/xml/ns/jaxb" 
	xmlns:xjc="http://java.sun.com/xml/ns/jaxb/xjc" 
	xmlns:xsi="http://www.w3.org/2001/XMLSchema-instance"
	xsi:schemaLocation="urn:tolven-org:trim:4.0	http://tolven.org/xsd/trim4">
	<name>reg/evn/location/exam</name>
	<page>location.xhtml</page> 
	<drilldown>locationDD.xhtml</drilldown>
	<menu>global:locationMenu</menu>
	<application name="echr">
		<instance>echr:location</instance>
		<wip>echr:activity:all</wip>
	</application>
	<act classCode="REG" moodCode="EVN">
		<bind application="echr" phase="create">
			<placeholder bindAction="merge">
				<path>echr:location</path>
			</placeholder>
		</bind>
		<code>
			<CD>
				<code>bed</code>
				<codeSystemName>tolven</codeSystemName>
				<codeSystemVersion>4.0</codeSystemVersion>
			</CD>
		</code>
		<title>
			<ST>Exam room</ST>
		</title>
		<participation name="subject" typeCode="LOC">
			<role classCode="SDLOC">
				<bind application="echr" phase="create">
					<placeholder bindAction="merge">
						<path>echr:location</path>
					</placeholder>
				</bind>
				<player classCode="PLC" determinerCode="INSTANCE">
					<name>
						<EN>
							<label>Location name</label>
							<use>L</use>
							<part>
								<ST>#{location.name}</ST>
							</part>
						</EN>
					</name>
					<desc>
						<label>Description of location</label>
						<ST></ST>
					</desc>
				</player>
			</role>
		</participation>
	</act>
</trim>
