<?xml version="1.0" encoding="UTF-8"?>
<trim 
	xmlns="urn:tolven-org:trim:4.0" 
	xmlns:xs="http://www.w3.org/2001/XMLSchema"
	xmlns:xsi="http://www.w3.org/2001/XMLSchema-instance" 
	xsi:schemaLocation="urn:tolven-org:trim:4.0	http://tolven.org/xsd/trim4">
	<name>doc/fax</name>
	<page>fax.xhtml</page>
	<drilldown>faxDD.xhtml</drilldown>
	<menu>global:documentMenu</menu>
	<application name="echr">
		<instance>echr:document</instance>
		<wip>echr:activity:all</wip>
	</application>
	<transitions path="trim.act.statusCodeValue">
		<transition name="create" to="completed">
			<label language="en">Completed</label>
		</transition>
		<transition name="reviseActive" from="active" to="active">
			<label language="en">Revise</label>
		</transition>
		<transition name="eieActive" from="active" to="nullified">
			<label language="en">Entered in Error</label>
		</transition>
		<transition name="eieCompleted" from="completed" to="nullified">
			<label language="en">Entered in Error</label>
		</transition>
		<transition name="reviseCompleted" from="completed" to="completed">
			<label language="en">Revise</label>
		</transition>
	</transitions>
	<act classCode="DOC" moodCode="EVN">
		<bind application="echr" phase="create">
			<placeholder bindAction="merge">
				<path>echr:document</path>
			</placeholder>
		</bind>
		<bind application="ephr" phase="create">
			<placeholder bindAction="merge">
				<path>ephr:document</path>
			</placeholder>
		</bind>
		<id/>
		<statusCode>completed</statusCode>
		<title>
			<ST>FAX document</ST>
		</title>
		<text>
			<label>The fax</label>
			<ST></ST>
		</text>
        <effectiveTime>
			<label>Receive Date</label>
            <new datatype="TS" function="now"/>
        </effectiveTime>
		<participation name="dataEnterer" typeCode="ENT">
			<role classCode="ROL">
				<id>
					<II>
						<root>#{computeIDRoot(account)}</root>
						<extension>#{user.ldapUID}</extension>
					</II>
				</id>
			</role>
		</participation>
	</act>
</trim>
