<?xml version="1.0" encoding="UTF-8"?>
<trim 
	xmlns="urn:tolven-org:trim:4.0" 
	xmlns:xsi="http://www.w3.org/2001/XMLSchema-instance" 
	xmlns:xs="http://www.w3.org/2001/XMLSchema" 
	xsi:schemaLocation="urn:tolven-org:trim:4.0	http://tolven.org/xsd/trim4">
	<extends>patientAct</extends>
	<name>enc/evn/ip</name>
	<description>Inpatient Encounter</description>	
	<page>encounter.xhtml</page>
	<drilldown>encounterDD.xhtml</drilldown>
	<menu>global:encounterMenu</menu>
	<reference>http://wikihit.org/wiki/index.php/Encounter</reference>
	<application name="echr">
		<instance>echr:patient:encounter</instance>
		<wip>echr:activity:all</wip>
	</application>
	<transitions path="trim.act.statusCodeValue">
		<transition name="create" to="active">
			<label language="en">Admit</label>
		</transition>
		<transition name="complete" from="active" to="completed">
			<label language="en">Discharge</label>
		</transition>
		<transition name="reviseActive" from="active" to="active">
			<label language="en">Revise</label>
		</transition>
		<transition name="eie" from="active" to="nullified">
			<label language="en">Entered in Error</label>
		</transition>
		<transition name="abort" from="active" to="aborted">
			<label language="en">Abort</label>
		</transition>
		<transition name="reactivate" from="completed" to="active">
			<label language="en">Reactivate</label>
		</transition>
		<transition name="reviseCompleted" from="completed" to="completed">
			<label language="en">Revise</label>
		</transition>
	</transitions>
	<act classCode="ENC" moodCode="EVN">
		<bind application="echr" phase="create">
			<placeholder bindAction="merge">
				<path>echr:patient:encounter</path>
			</placeholder>
		</bind>
		<bind application="ephr" phase="create">
			<placeholder bindAction="merge">
				<path>ephr:patient:encounter</path>
			</placeholder>
		</bind>
		<code>
			<CD>
				<code>INP</code>
				<codeSystemName>HL7</codeSystemName>
				<codeSystemVersion>3.0</codeSystemVersion>
			</CD>
		</code>
		<statusCode>active</statusCode>
		<title>
			<ST>Inpatient Encounter</ST>
		</title>
		<effectiveTime>
			<IVL_TS>
				<low>
					<label>Admit Date</label>
					<TS><value>#{TS[now]}</value></TS>
				</low>
				<high>
					<label>Discharge Date</label>
					<TS/>
				</high>
			</IVL_TS>
		</effectiveTime>
		<patientEncounter>
		</patientEncounter>
		<participation name="admitter" typeCode="ADM">
			<role classCode="ASSIGNED">
				<bind application="echr" phase="request">
					<list cardinality="single">
						<path>echr:admin:staff:all</path>
					</list>
				</bind>
				<id/>
				<player classCode="PSN" determinerCode="INSTANCE">
					<name>
						<label/>
						<EN>
							<label/>
							<use>L</use>
							<part>
								<label>Other Physician Name</label>
								<ST/>
							</part>
						</EN>
					</name>
				</player>				
			</role>
		</participation>
		<participation name="attender" typeCode="ATND">
			<role classCode="ASSIGNED">
				<bind application="echr" phase="request">
					<list cardinality="multiple">
						<path>echr:admin:staff:all</path>
					</list>
				</bind>
				<bind application="ephr" phase="request">
					<list cardinality="multiple">
						<path>ephr:admin:staff:all</path>
					</list>
				</bind>
				<id/>
				<player classCode="PSN" determinerCode="INSTANCE">
					<name>
						<label/>
						<EN>
							<label/>
							<use>L</use>
							<part>
								<label>Other Physician Name</label>
								<ST/>
							</part>
						</EN>
					</name>
				</player>				
			</role>
		</participation>
		<participation name="location" typeCode="LOC">
			<role classCode="SDLOC">
				<bind application="echr" phase="request">
					<list cardinality="multiple">
						<path>echr:admin:locations:all</path>
					</list>
				</bind>
				<bind application="ephr" phase="request">
					<list cardinality="multiple">
						<path>ephr:admin:locations:all</path>
					</list>
				</bind>			
				<id/>
				<player classCode="PSN" determinerCode="INSTANCE">
					<name>
						<label/>
						<EN>
							<label/>
							<use>L</use>
							<part>
								<label>Other Location</label>
								<ST/>
							</part>
						</EN>
					</name>
				</player>	
			</role>
		</participation>
		<relationship name="reason" direction="OUT" typeCode="RSON" >
			<act classCode="OBS" moodCode="EVN">
				<bind application="echr" phase="request">
					<placeholder bindAction="merge">
						<path>echr:patient:diagnosis</path>
					</placeholder>
				</bind>
				<id/>
				<code>
					<CD>
						<code>C0332139</code>
						<codeSystemName>UMLS</codeSystemName>
						<codeSystemVersion>2007AA</codeSystemVersion>
					</CD>
				</code>
				<title>
					<ST>Diagnosis</ST>
				</title>
				<effectiveTime>
					<label>Time of Diagnosis</label>
					<new datatype="TS" function="now"/>
				</effectiveTime>
				<observation>
					<value>
						<label>Diagnosis</label>
						<valueSet>diagnosis</valueSet>
					</value>
				</observation>
				<participation name="author" typeCode="AUT">
					<role classCode="ASSIGNED">
						<bind application="echr" phase="request">
							<list cardinality="single">
								<path>echr:admin:staff:all</path>
							</list>
						</bind>
					</role>
				</participation>
			</act>
		</relationship>
	</act>
</trim>
