<?xml version="1.0" encoding="UTF-8"?>
<trim 
	xmlns="urn:tolven-org:trim:4.0" 
	xmlns:xs="http://www.w3.org/2001/XMLSchema" 
	xmlns:xsi="http://www.w3.org/2001/XMLSchema-instance" 
	xsi:schemaLocation="urn:tolven-org:trim:4.0	http://tolven.org/xsd/trim4">
	<name>docclin/evn/medication</name>
	<page>docclin.xhtml</page>
	<drilldown>docclinDD.xhtml</drilldown>
	<menu>global:medicationDocMenu</menu>
	<reference>http://wikihit.org/wiki/index.php/Medication</reference>
	<application name="ephr">
		<instance>ephr:patient:medication</instance>
		<wip>ephr:activity:all</wip>
	</application>
	<application name="echr">
		<instance>echr:patient:medication</instance>
		<wip>echr:activity:all</wip>
	</application>
	<transitions path="act.statusCodeValue">
				<transition name="create" to="active">
			<label language="en">Active</label>
		</transition>
		<transition name="suspendedActive" from="active" to="suspended">
			<label language="en">Suspended</label>
		</transition>
		<transition name="heldActive" from="active" to="held">
			<label language="en">Held</label>
		</transition>
		<transition name="nullifiedActive" from="active" to="nullified">
			<label language="en">Nullified</label>
		</transition>
		<transition name="obsoleteActive" from="active" to="obsolete">
			<label language="en">obsolete</label>
		</transition>
		<transition name="completedActive" from="active" to="completed">
			<label language="en">Completed</label>
		</transition>		
		<transition name="abortedActive" from="active" to="aborted">
			<label language="en">Aborted</label>
		</transition>
		<transition name="cancelActive" from="active" to="cancelled">
			<label language="en">Cancel</label>
		</transition>
		<transition name="reviseActive" from="active" to="active">
			<label language="en">Revise</label>
		</transition>
	</transitions>	
	<act classCode="DOCCLIN" moodCode="EVN">
		<statusCode></statusCode>		
		<title>
			<ST>Medication Document</ST>
		</title>
		<effectiveTime>
			<label>Time of Medication</label>
			<new datatype="TS" function="now"/>
		</effectiveTime>
		<participation name="subject" typeCode="SBJ">
			<role classCode="PAT">
				<bind application="echr">
					<placeholder>
						<path>echr:patient</path>
					</placeholder>
				</bind>
				<bind application="ephr">
					<placeholder>
						<path>ephr:patient</path>
					</placeholder>
				</bind>
				<id>
					<II>
						<root>#{computeIDRoot(account)}</root>
						<extension>#{patient.path}</extension>
					</II>
				</id>				
			</role>
		</participation>
		<participation name="dataEnterer" typeCode="ENT">
			<role classCode="ROL">
				<id>
					<II>
						<root>#{computeIDRoot(account)}</root>
						<extension>#{user.ldapUID}</extension>
					</II>
				</id>
			</role>
		</participation>
		<participation name="author" typeCode="AUT">
			<role classCode="ASSIGNED">
				<bind application="echr" phase="request">
					<list cardinality="multiple">
						<path>echr:admin:staff:all</path>
					</list>
				</bind>
				<id/>
			</role>
		</participation>
		<relationship name="encounter" direction="IN" typeCode="COMP" >
			<act classCode="OBS" moodCode="EVN">
				<bind application="echr" phase="create">
					<placeholder bindAction="exist" optional="true">
						<path>echr:patient:encounter</path>
					</placeholder>
				</bind>
				<bind application="ephr" phase="create">
					<placeholder bindAction="exist" optional="true">
						<path>ephr:patient:encounter</path>
					</placeholder>
				</bind>
				<bind application="echr" phase="request">
					<list cardinality="single">
						<path>echr:patient:encounters:active</path>
					</list>
				</bind>
				<id/>
				<title>
					<ST>Encounter</ST>
				</title>
			</act>
		</relationship>
		<relationship name="type" direction="OUT" typeCode="PERT" >
			<act classCode="OBS" moodCode="EVN">
				<title>
					<ST>Medication</ST>
				</title>
				<text>
					<ST>medications</ST>					
				</text>
			</act>
		</relationship>
		<compute>
			<type>org.tolven.process.InsertAct</type>
			<property name="enabled">
		        <value xsi:type="xs:boolean">false</value>
			</property>
			<property name="arName">
		        <value xsi:type="xs:string">entry</value>
			</property>
			<property name="arDirection">
				<value xsi:type="xs:string">OUT</value>
			</property>
			<property name="arTypeCode">
		        <value xsi:type="xs:string">COMP</value>
			</property>
			<property name="template">
		       <value xsi:type="xs:string"></value>
			</property>
			<property name="action">
		        <value xsi:type="xs:string">add</value>
			</property>
			<property name="position">
		        <value xsi:type="xs:string">0</value>
			</property>
		</compute>
	</act>
	<field name="formType">	
		<value xsi:type="xs:string">medications</value>
	</field>
	<field name="pageName">	
		<value xsi:type="xs:string">medication</value>
	</field>
</trim>
