<?xml version="1.0" encoding="UTF-8"?>
<trim xmlns="urn:tolven-org:trim:4.0" 
	xmlns:xsi="http://www.w3.org/2001/XMLSchema-instance"
	xmlns:xs="http://www.w3.org/2001/XMLSchema" 
	xsi:schemaLocation="urn:tolven-org:trim:4.0 http://www.tolven.org/xsd/trim4">
	<extends>patientAct</extends>
	<abstract>true</abstract>
	<name>observation</name>
	<author>Tolven</author>
    <menu>global:observationMenu</menu>
	<application name="ephr">
		<instance>ephr:patient:observation</instance>
		<wip>ephr:activity:all</wip>
	</application>
	<application name="echr">
		<instance>echr:patient:observation</instance>
		<wip>echr:activity:all</wip>
	</application>
	<transitions path="trim.act.statusCodeValue">
		<transition name="create" to="completed">
			<label language="en">Completed</label>
		</transition>
		<transition name="reviseActive" from="active" to="active">
			<label language="en">Revise</label>
		</transition>
		<transition name="eieActive" from="active" to="nullified">
			<label language="en">Entered in Error</label>
		</transition>
		<transition name="eieCompleted" from="completed" to="nullified">
			<label language="en">Entered in Error</label>
		</transition>
		<transition name="reviseCompleted" from="completed" to="completed">
			<label language="en">Revise</label>
		</transition>
	</transitions>
	<act classCode="OBS" moodCode="EVN">
		<bind application="echr" phase="create">
			<placeholder bindAction="merge">
				<path>echr:patient:observation</path>
			</placeholder>
		</bind>
		<bind application="ephr" phase="create">
			<placeholder bindAction="merge">
				<path>ephr:patient:observation</path>
			</placeholder>
		</bind>
		<relationship name="encounter" direction="IN" typeCode="COMP" >
			<act classCode="OBS" moodCode="EVN">
				<bind application="echr" phase="create">
					<placeholder bindAction="exist" optional="true">
						<path>echr:patient:encounter</path>
					</placeholder>
				</bind>
				<bind application="ephr" phase="create">
					<placeholder bindAction="exist" optional="true">
						<path>ephr:patient:encounter</path>
					</placeholder>
				</bind>
				<bind application="echr" phase="request">
					<list cardinality="single">
						<path>echr:patient:encounters:active</path>
					</list>
				</bind>
				<id/>
				<title>
					<ST>Encounter</ST>
				</title>
			</act>
		</relationship>
	</act>
</trim>
