<?xml version="1.0" encoding="UTF-8"?>
<trim xmlns="urn:tolven-org:trim:4.0" xmlns:xs="http://www.w3.org/2001/XMLSchema" xmlns:xsi="http://www.w3.org/2001/XMLSchema-instance" xsi:schemaLocation="urn:tolven-org:trim:4.0	http://tolven.org/xsd/trim4">
	<name>personalProblemList</name>
	<description>Personal Problem List</description>
	<page>createFavoritesList.xhtml</page>
	<drilldown>favortiesListDD.xhtml</drilldown>
	<menu>global:personalListsMenu</menu>
	<application name="ephr">
		<instance>ephr:personalList</instance>
		<wip>ephr:activity:all</wip>
	</application>
	<application name="echr">
		<instance>echr:personalList</instance>
		<wip>echr:activity:all</wip>
	</application>
	<transitions path="trim.act.statusCodeValue">
		<transition name="create" to="active">
			<label language="en">Active</label>
		</transition>
		<transition name="reviseActive" from="active" to="active">
			<label language="en">Revise</label>
		</transition>
		<transition name="eie" from="active" to="nullified">
			<label language="en">Entered in Error</label>
		</transition>
	</transitions>
	<act classCode="OBS" moodCode="EVN">
		<bind application="echr" phase="create">
			<placeholder bindAction="merge">
				<path>echr:assigned:personalList</path>
			</placeholder>
		</bind>
		<bind application="ephr" phase="create">
			<placeholder bindAction="merge">
				<path>echr:assigned:personalList</path>
			</placeholder>
		</bind>
		<id />
        <statusCode>active</statusCode>
		<title>
			<ST></ST>
		</title>
		<relationship typeCode="PERT" direction="OUT" name="displayName">
			<act moodCode="EVN" classCode="OBS">
				<title>
					<ST></ST>
				</title>
			</act>
		</relationship>
		<relationship typeCode="PERT" direction="OUT" name="type" sourceTrim="personalListItemTemplate">
			<act moodCode="EVN" classCode="OBS">
				<title>
					<ST>problems</ST>
				</title>
			</act>
		</relationship>
	</act>
</trim>