<?xml version="1.0" encoding="UTF-8"?>
<trim 
	xmlns="urn:tolven-org:trim:4.0" 
	xmlns:xsi="http://www.w3.org/2001/XMLSchema-instance" 
	xsi:schemaLocation="urn:tolven-org:trim:4.0	http://tolven.org/xsd/trim4">
	<extends>patientAct</extends>
	<name>act/evn/personalEvent</name>
	<description>Personal Event</description>
	<page>personalEvent.xhtml</page>
	<drilldown>personalEventDD.xhtml</drilldown>
	<menu>global:appointmentMenu</menu>
	<reference></reference>
	<application name="echr">
		<instance>echr:patient:personalEvent</instance>
		<wip>echr:activity:all</wip>
	</application>
	<application name="ephr">
		<instance>ephr:patient:personalEvent</instance>
		<wip>ephr:activity:all</wip>
	</application>
	<transitions path="trim.act.statusCodeValue">
		<transition name="create" to="active">
			<label language="en">Active</label>
		</transition>
		<transition name="complete" from="active" to="completed">
			<label language="en">Completed</label>
		</transition>
		<transition name="reviseActive" from="active" to="active">
			<label language="en">Revise</label>
		</transition>
		<transition name="eie" from="active" to="nullified">
			<label language="en">Entered in Error</label>
		</transition>
		<transition name="reviseCompleted" from="completed" to="completed">
			<label language="en">Revise</label>
		</transition>
	</transitions>
	<act classCode="ACT" moodCode="EVN">
		<bind application="echr" phase="create">
			<placeholder bindAction="merge">
				<path>echr:patient:personalEvent</path>
			</placeholder>
		</bind>
		<bind application="ephr" phase="create">
			<placeholder bindAction="merge">
				<path>ephr:patient:personalEvent</path>
			</placeholder>
		</bind>
		<code>
			<CD>
				<code>PersonalAppt</code>
				<codeSystemName>HL7</codeSystemName>
				<codeSystemVersion>3.0</codeSystemVersion>
			</CD>
		</code>
		<statusCode>active</statusCode>
		<title>
			<ST>Personal Event</ST>
		</title>
		<text>
			<label>Event</label>
			<ST/>
		</text>
		<effectiveTime>
			<IVL_TS>
				<low>
					<label>From Date</label>
					<TS><value>#{TS[now]}</value></TS>
				</low>
				<high>
					<label>To Date</label>
					<TS/>
				</high>
			</IVL_TS>
		</effectiveTime>
		<participation name="location" typeCode="LOC">
			<role classCode="SDLOC">
				<bind application="echr" phase="request">
					<list cardinality="single">
						<path>echr:admin:location:all</path>
					</list>
				</bind>
				<bind application="ephr" phase="request">
					<list cardinality="single">
						<path>ephr:admin:location:all</path>
					</list>
				</bind>
			</role>
		</participation>
	</act>
	<valueSet name="eventType">
		<ST label="Wedding">Wedding</ST>
		<ST label="Vacation">Other</ST>
		<ST label="Other">Other</ST>
	</valueSet>
</trim>
