<?xml version="1.0" encoding="UTF-8"?>
<trim 
	xmlns="urn:tolven-org:trim:4.0" 
	xmlns:xs="http://www.w3.org/2001/XMLSchema" 
	xmlns:xsi="http://www.w3.org/2001/XMLSchema-instance" 
	xsi:schemaLocation="urn:tolven-org:trim:4.0	http://tolven.org/xsd/trim4">
	<name>docclin/evn/problem</name>
	<page>docclin.xhtml</page>
	<drilldown>docclinDD.xhtml</drilldown>
	<menu>global:problemDocMenu</menu>
	<reference>http://wikihit.org/wiki/index.php/Problem</reference>
	<application name="ephr">
		<instance>ephr:patient:problem</instance>
		<wip>ephr:activity:all</wip>
	</application>
	<application name="echr">
		<instance>echr:patient:problem</instance>
		<wip>echr:activity:all</wip>
	</application>
	<transitions path="trim.act.statusCodeValue">
		<transition name="create" to="active">
			<label language="en">Active</label>
		</transition>
		<transition name="suspendedActive" from="active" to="suspended">
			<label language="en">Suspended</label>
		</transition>
		<transition name="heldActive" from="active" to="held">
			<label language="en">Held</label>
		</transition>
		<transition name="nullifiedActive" from="active" to="nullified">
			<label language="en">Nullified</label>
		</transition>
		<transition name="obsoleteActive" from="active" to="obsolete">
			<label language="en">obsolete</label>
		</transition>
		<transition name="completedActive" from="active" to="completed">
			<label language="en">Completed</label>
		</transition>		
		<transition name="abortedActive" from="active" to="aborted">
			<label language="en">Aborted</label>
		</transition>
		<transition name="cancelActive" from="active" to="cancelled">
			<label language="en">Cancel</label>
		</transition>
		<transition name="reviseActive" from="active" to="active">
			<label language="en">Revise</label>
		</transition>
	</transitions>	
	<act classCode="DOCCLIN" moodCode="EVN">
		<statusCode>active</statusCode>		
		<title>
			<ST>Problem Document</ST>
		</title>
		<effectiveTime>
			<label>Time of Problem</label>
			<new datatype="TS" function="now"/>
		</effectiveTime>
		<participation name="subject" typeCode="SBJ">
			<role classCode="PAT">
				<bind application="echr">
					<placeholder>
						<path>echr:patient</path>
					</placeholder>
				</bind>
				<bind application="ephr">
					<placeholder>
						<path>ephr:patient</path>
					</placeholder>
				</bind>
				<id>
					<II>
						<root>#{computeIDRoot(account)}</root>
						<extension>#{patient.path}</extension>
					</II>
				</id>				
			</role>
		</participation>
		<participation name="dataEnterer" typeCode="ENT">
			<role classCode="ROL">
				<id>
					<II>
						<root>#{computeIDRoot(account)}</root>
						<extension>#{user.ldapUID}</extension>
					</II>
				</id>
			</role>
		</participation>
		<participation name="author" typeCode="AUT">
			<role classCode="ASSIGNED">
				<bind application="echr" phase="request">
					<list cardinality="multiple">
						<path>echr:admin:staff:all</path>
					</list>
				</bind>
				<id/>
			</role>
		</participation>
		<relationship name="encounter" direction="IN" typeCode="COMP" >
			<act classCode="OBS" moodCode="EVN">
				<bind application="echr" phase="create">
					<placeholder bindAction="exist" optional="true">
						<path>echr:patient:encounter</path>
					</placeholder>
				</bind>
				<bind application="ephr" phase="create">
					<placeholder bindAction="exist" optional="true">
						<path>ephr:patient:encounter</path>
					</placeholder>
				</bind>
				<bind application="echr" phase="request">
					<list cardinality="single">
						<path>echr:patient:encounters:active</path>
					</list>
				</bind>
				<id/>
				<title>
					<ST>Encounter</ST>
				</title>
			</act>
		</relationship>
		<relationship name="type" direction="OUT" typeCode="PERT" >
			<act classCode="OBS" moodCode="EVN">
				<title>
					<ST>Problem</ST>
				</title>
				<text>
					<ST>problems</ST>					
				</text>
			</act>
		</relationship>
		<compute>
			<type>org.tolven.process.InsertAct</type>
			<property name="enabled">
		        <value xsi:type="xs:boolean">false</value>
			</property>
			<property name="arName">
		        <value xsi:type="xs:string">entry</value>
			</property>
			<property name="arDirection">
				<value xsi:type="xs:string">OUT</value>
			</property>
			<property name="arTypeCode">
		        <value xsi:type="xs:string">COMP</value>
			</property>
			<property name="template">
		       <value xsi:type="xs:string"></value>
			</property>
			<property name="action">
		        <value xsi:type="xs:string">add</value>
			</property>
			<property name="position">
		        <value xsi:type="xs:string">0</value>
			</property>
		</compute>
	</act>
	<valueSet name="episodicity">
		<CE>
			<displayName>New episode</displayName>
			<code>C0565959</code>
			<codeSystem>2.16.840.1.113883.6.56</codeSystem>
			<codeSystemVersion>2007AA</codeSystemVersion>
		</CE>
		<CE>
			<displayName>Ongoing episode</displayName>
			<code>C0580798</code>
			<codeSystem>2.16.840.1.113883.6.56</codeSystem>
			<codeSystemVersion>2007AA</codeSystemVersion>
		</CE>
	</valueSet>
	<valueSet name="severity">
		<CE>
			<displayName>Mild</displayName>
			<code>C0547040</code>
			<codeSystem>2.16.840.1.113883.6.56</codeSystem>
			<codeSystemVersion>2007AA</codeSystemVersion>
		</CE>
		<CE>
			<displayName>Mild to moderate</displayName>
			<code>C1299392</code>
			<codeSystem>2.16.840.1.113883.6.56</codeSystem>
			<codeSystemVersion>2007AA</codeSystemVersion>
		</CE>
		<CE>
			<displayName>Moderate</displayName>
			<code>C0205081</code>
			<codeSystem>2.16.840.1.113883.6.56</codeSystem>
			<codeSystemVersion>2007AA</codeSystemVersion>
		</CE>
		<CE>
			<displayName>Moderate to severe</displayName>
			<code>C1299393</code>
			<codeSystem>2.16.840.1.113883.6.56</codeSystem>
			<codeSystemVersion>2007AA</codeSystemVersion>
		</CE>
		<CE>
			<displayName>Severe</displayName>
			<code>C0205082</code>
			<codeSystem>2.16.840.1.113883.6.56</codeSystem>
			<codeSystemVersion>2007AA</codeSystemVersion>
		</CE>
		<CE>
			<displayName>Fatal</displayName>
			<code>C1302234</code>
			<codeSystem>2.16.840.1.113883.6.56</codeSystem>
			<codeSystemVersion>2007AA</codeSystemVersion>
		</CE>
	</valueSet>
	<valueSet name="course">
		<CE>
			<displayName>Acute</displayName>
			<code>C0205178</code>
			<codeSystem>2.16.840.1.113883.6.56</codeSystem>
			<codeSystemVersion>2007AA</codeSystemVersion>
		</CE>
		<CE>
			<displayName>Chronic</displayName>
			<code>C0205191</code>
			<codeSystem>2.16.840.1.113883.6.56</codeSystem>
			<codeSystemVersion>2007AA</codeSystemVersion>
		</CE>
		<CE>
			<displayName>Recurrent</displayName>
			<code>C0580798</code>
			<codeSystem>2.16.840.1.113883.6.56</codeSystem>
			<codeSystemVersion>2007AA</codeSystemVersion>
		</CE>
	</valueSet>
	<valueSet name="onset">
		<CE>
			<displayName>Gradual onset</displayName>
			<code>C0332164</code>
			<codeSystem>2.16.840.1.113883.6.56</codeSystem>
			<codeSystemVersion>2007AA</codeSystemVersion>
		</CE>
		<CE>
			<displayName>Sudden onset</displayName>
			<code>C1272517</code>
			<codeSystem>2.16.840.1.113883.6.56</codeSystem>
			<codeSystemVersion>2007AA</codeSystemVersion>
		</CE>
		<CE>
			<displayName>Acute onset</displayName>
			<code>C1276802</code>
			<codeSystem>2.16.840.1.113883.6.56</codeSystem>
			<codeSystemVersion>2007AA</codeSystemVersion>
		</CE>
		<CE>
			<displayName>Insidious onset</displayName>
			<code>C1298634</code>
			<codeSystem>2.16.840.1.113883.6.56</codeSystem>
			<codeSystemVersion>2007AA</codeSystemVersion>
		</CE>
		<CE>
			<displayName>Subacute onset</displayName>
			<code>C1298635</code>
			<codeSystem>2.16.840.1.113883.6.56</codeSystem>
			<codeSystemVersion>2007AA</codeSystemVersion>
		</CE>
	</valueSet>
	<field name="formType">	
		<value xsi:type="xs:string">problems</value>
	</field>
	<field name="pageName">	
		<value xsi:type="xs:string">problem</value>
	</field>
</trim>
