<?xml version="1.0" encoding="UTF-8"?>
<trim xmlns="urn:tolven-org:trim:4.0" xmlns:xsi="http://www.w3.org/2001/XMLSchema-instance"
	xsi:schemaLocation="urn:tolven-org:trim:4.0 http://www.tolven.org/xsd/trim4">
	<abstract>true</abstract>	
    <name>px</name>    
    <author>Tolven</author>
	<page>px.xhtml</page>
	<drilldown>pxDD.xhtml</drilldown>
	<menu>global:pxMenu</menu>
	<reference>http://www.wikihit.org/wiki/index.php/Procedure</reference>
	<application name="ephr">
		<instance>ephr:patient:px</instance>
		<wip>ephr:activity:all</wip>
	</application>
	<application name="echr">
		<instance>echr:patient:px</instance>
		<wip>echr:activity:all</wip>
	</application>	
    <act moodCode="EVN" classCode="PROC">
		<bind application="echr" phase="create">
			<placeholder bindAction="merge">
				<path>echr:patient:px</path>
			</placeholder>
		</bind>
		<bind application="ephr" phase="create">
			<placeholder bindAction="merge">
				<path>ephr:patient:px</path>
			</placeholder>
		</bind>
		<effectiveTime>
			<label>Start time</label>
			<new datatype="TS" function="now"/>
		</effectiveTime>
		<participation name="author" typeCode="AUT">
			<role classCode="ASSIGNED">
				<bind application="echr" phase="request">
					<list cardinality="multiple">
						<path>echr:admin:staff:all</path>
					</list>
				</bind>
				<id/>
			</role>
		</participation>
    </act>
</trim>