<?xml version="1.0" encoding="UTF-8"?>
<trim 
	xmlns="urn:tolven-org:trim:4.0" 
	xmlns:xsi="http://www.w3.org/2001/XMLSchema-instance" 
	xsi:schemaLocation="urn:tolven-org:trim:4.0	http://tolven.org/xsd/trim4">
	<extends>observation</extends>
	<name>obs/evn/rash</name>
	<page>rash.xhtml</page>
	<drilldown>rashDD.xhtml</drilldown>
	<reference>http://www.wikihit.org/wiki/index.php/Rash</reference>
	<act classCode="OBS" moodCode="EVN">
		<code>
			<CD>
				<code>C0015230</code>
				<codeSystemName>UMLS</codeSystemName>
				<codeSystemVersion>2007AA</codeSystemVersion>
			</CD>
		</code>
		<title>
			<ST>Rash</ST>
		</title>
		<effectiveTime>
			<label>Time of observation</label>
			<new datatype="TS" function="now"/>
		</effectiveTime>
		<observation>
			<value>
				<label>Description</label>
				<ED/>
			</value>
		</observation>
	</act>
</trim>
