<?xml version="1.0" encoding="UTF-8"?>
<trim xmlns="urn:tolven-org:trim:4.0" xmlns:jaxb="http://java.sun.com/xml/ns/jaxb" 
	xmlns:xs="http://www.w3.org/2001/XMLSchema" 
	xmlns:xsi="http://www.w3.org/2001/XMLSchema-instance" 
	xsi:schemaLocation="urn:tolven-org:trim:4.0 http://tolven.org/xsd/trim4">
	<name>docclin/evn/sharePatientIn</name>
	<description>Patient data from another account</description>
	<page>inShare.xhtml</page>
	<drilldown>inshareDD.xhtml</drilldown>
	<application name="ephr">
		<instance>ephr:newInShare</instance>
		<wip>ephr:activity:all</wip>
	</application>
	<application name="echr">
		<instance>echr:newInShare</instance>
		<wip>echr:activity:all</wip>
	</application>
	<act classCode="DOCCLIN" moodCode="EVN">
		<bind application="echr" phase="create">
			<placeholder bindAction="merge">
				<path>echr:patient:inShare</path>
			</placeholder>
		</bind>
		<bind application="ephr" phase="create">
			<placeholder bindAction="merge">
				<path>ephr:patient:inShare</path>
			</placeholder>
		</bind>
	</act>
</trim>
