<?xml version="1.0" encoding="UTF-8"?>
<trim 
	xmlns="urn:tolven-org:trim:4.0"
	xmlns:xs="http://www.w3.org/2001/XMLSchema"	 
	xmlns:xsi="http://www.w3.org/2001/XMLSchema-instance" 
	xsi:schemaLocation="urn:tolven-org:trim:4.0 http://tolven.org/xsd/trim4">
	<extends>observation</extends>
    <name>obs/evn/weight</name>
	<description>Weight</description>
    <page>weight.xhtml</page>
    <drilldown>weightDD.xhtml</drilldown>
    <reference>http://www.wikihit.org/wiki/index.php/Weight</reference>
    <act classCode="OBS" moodCode="EVN">
		<transitions>
			<transition name="create" to="completed">
				<label language="en">Completed</label>
			</transition>
			<transition name="reviseActive" from="active" to="active">
				<label language="en">Revise</label>
			</transition>
			<transition name="eieActive" from="active" to="nullified">
				<label language="en">Entered in Error</label>
			</transition>
			<transition name="eieCompleted" from="completed" to="nullified">
				<label language="en">Entered in Error</label>
			</transition>
			<transition name="reviseCompleted" from="completed" to="completed">
				<label language="en">Revise</label>
			</transition>
		</transitions>
        <code>
            <CD>
                <code>404639000</code>
                <codeSystem>2.16.840.1.113883.6.96</codeSystem>
                <codeSystemName>SCT</codeSystemName>
            </CD>
        </code>
        <title>
            <ST>Weight</ST>
        </title>
        <effectiveTime>
            <label>Time of observation</label>
            <new datatype="TS" function="now"/>
        </effectiveTime>
        <observation>
            <value>
            	<valueSet>weightValue</valueSet>
                <PQ>
	                <label>Weight</label>
                    <value>0.0</value>
                    <unit>lb</unit>
                </PQ>
            </value>
        </observation>
        <participation name="author" typeCode="AUT">
            <role classCode="ASSIGNED">
                <player classCode="PSN" determinerCode="INSTANCE"/>
            </role>
        </participation>
        <relationship direction="OUT" name="clothing" typeCode="PERT">
            <act classCode="OBS" moodCode="EVN">
                <title>
                    <ST>Clothing</ST>
                </title>
                <observation>
                    <value>
                        <label>Clothing</label>
                        <valueSet>clothing</valueSet>
                    </value>
                </observation>
            </act>
        </relationship>
        <relationship direction="OUT" name="device" typeCode="PERT">
            <act classCode="OBS" moodCode="EVN">
                <title>
                    <ST>Device</ST>
                </title>
                <observation>
                    <value>
                        <label>Device</label>
                        <valueSet>device</valueSet>
                    </value>
                </observation>
            </act>
        </relationship>
		<compute>
			<type>org.tolven.process.DataTypeSelect</type>
			<property name="enabled">
		        <value xsi:type="xs:boolean">false</value>
			</property>			
			<property name="dataTypeDestination">
   				<value xsi:type="xs:string"></value>
			</property>
			<property name="dataTypeSource">
				<value xsi:type="xs:string"></value>
            </property>
		</compute>        
    </act>
    <valueSet name="weightValue">
        <PQ>
            <label>Weight in pounds</label>
            <value>0</value>
            <unit>lb</unit>
        </PQ>
        <PQ>
            <label>Weight in kg</label>
            <value>0</value>
            <unit>kg</unit>
        </PQ>
        <null type="NA">
            <label>Unable to obtain</label>
        </null>
    </valueSet>
    <valueSet name="clothing">
		<null type="UNK">
			<label>Select Clothing</label>
		</null>
        <CE>
            <displayName>Lightly Clothed/Underwear</displayName>
            <code>X1</code>
            <codeSystem>2.16.840.1.113883.6.56</codeSystem>
            <codeSystemVersion>2007AA</codeSystemVersion>
        </CE>
        <CE>
            <displayName>Naked</displayName>
            <code>C0424470</code>
            <codeSystem>2.16.840.1.113883.6.56</codeSystem>
            <codeSystemVersion>2007AA</codeSystemVersion>
        </CE>
        <CE>
            <displayName>Fully Dressed</displayName>
            <code>X2</code>
            <codeSystem>2.16.840.1.113883.6.56</codeSystem>
            <codeSystemVersion>2007AA</codeSystemVersion>
        </CE>
        <CE>
            <displayName>Nappy/Diaper</displayName>
            <code>X3</code>
            <codeSystem>2.16.840.1.113883.6.56</codeSystem>
            <codeSystemVersion>2007AA</codeSystemVersion>
        </CE>
    </valueSet>
    <valueSet name="device">
		<null type="UNK">
			<label>Select Device</label>
		</null>
        <CE>
            <displayName>Floor Scale</displayName>
            <code>C0183108</code>
            <codeSystem>2.16.840.1.113883.6.56</codeSystem>
            <codeSystemVersion>2007AA</codeSystemVersion>
        </CE>
        <CE>
            <displayName>Chair Scale</displayName>
            <code>C0183107</code>
            <codeSystem>2.16.840.1.113883.6.56</codeSystem>
            <codeSystemVersion>2007AA</codeSystemVersion>
        </CE>
        <CE>
            <displayName>Wheelchair Scale</displayName>
            <code>C0183113</code>
            <codeSystem>2.16.840.1.113883.6.56</codeSystem>
            <codeSystemVersion>2007AA</codeSystemVersion>
        </CE>
        <CE>
            <displayName>Underbed</displayName>
            <code>C0183105</code>
            <codeSystem>2.16.840.1.113883.6.56</codeSystem>
            <codeSystemVersion>2007AA</codeSystemVersion>
        </CE>
        <CE>
            <displayName>Platform</displayName>
            <code>C0810617</code>
            <codeSystem>2.16.840.1.113883.6.56</codeSystem>
            <codeSystemVersion>2007AA</codeSystemVersion>
        </CE>
        <CE>
            <displayName>Bedside</displayName>
            <code>C0810484</code>
            <codeSystem>2.16.840.1.113883.6.56</codeSystem>
            <codeSystemVersion>2007AA</codeSystemVersion>
        </CE>
    </valueSet>
</trim>
