<?xml version="1.0" encoding="UTF-8"?>
<trim xmlns="urn:tolven-org:trim:4.0" 
	xmlns:xsi="http://www.w3.org/2001/XMLSchema-instance"
	xmlns:xs="http://www.w3.org/2001/XMLSchema" 
	xsi:schemaLocation="urn:tolven-org:trim:4.0 http://www.tolven.org/xsd/trim4">
	<abstract>true</abstract>
	<name>patientActEx</name>
	<author>Tolven</author>
	<act classCode="OBS" moodCode="EVN">
		<participation name="subject" typeCode="SBJ">
			<role classCode="PAT">
				<bind application="echr">
					<placeholder>
						<path>echr:patient</path>
					</placeholder>
				</bind>
				<bind application="ephr">
					<placeholder>
						<path>ephr:patient</path>
					</placeholder>
				</bind>
				<id>
					<II>
						<root>#{computeIDRoot(account)}</root>
						<extension>#{patient.path}</extension>
					</II>
				</id>
				<player classCode="PSN" determinerCode="INSTANCE">
					<name>
						<label>Patient Name</label>
						<EN>
							<label>Legal Name</label>
							<use>L</use>
							<part>
								<label>First Name</label>
								<type>GIV</type>
								<ST>#{from(source.firstName,patient.firstName)}</ST>
							</part>
							<part>
								<label>Middle Name</label>
								<type>GIV</type>
								<ST>#{from(source.middleName,patient.middleName)}</ST>
							</part>
							<part>
								<label>Last Name</label>
								<type>FAM</type>
								<ST>#{from(source.lastName,patient.lastName)}</ST>
							</part>
							<!-- Added for CCHIT -->
							<part>
								<label>Family (Maiden) Name</label>
								<type>GIV</type>
								<ST>#{patient.familyName}</ST>
							</part>
							<!-- Added for CCHIT -->
						</EN>
					</name>
					<telecom>
						<label>Telecom</label>
						<TEL>
							<label>Home Phone</label>
							<use>H</use>
							<value>#{from(source.homeTelecom,patient.homeTelecom)}</value>
						</TEL>
						<!-- Added for CCHIT -->
						<TEL>
							<label>Work Phone</label>
							<use>WP</use>
							<value>#{patient.workTelecom}</value>
						</TEL>
						<TEL>
							<label>Cell Phone</label>
							<use>MC</use>
							<value>#{patient.cellTelecom}</value>
						</TEL>
						<TEL>
							<label>Primary Email</label>
							<use>DIR</use>
							<value>#{patient.eMail}</value>
						</TEL>
						<TEL>
							<label>Secondary Email</label>
							<use>TMP</use>
							<value>#{patient.seMail}</value>
						</TEL>
						<!-- Added for CCHIT -->
					</telecom>
					<livingSubject>
						<administrativeGenderCode>
							<label>Gender</label>
							<new><encoded>#{encode(from(source.gender,patient.gender))}</encoded></new>
							<valueSet>genders</valueSet>
						</administrativeGenderCode>
						<birthTime>
							<label>Date of Birth</label>
							<TS><value>#{TS(from(source.dob,patient.dob))}</value></TS>
						</birthTime>
					</livingSubject>
					<person>
						<addr>
							<label>Address</label>
							<AD>
								<label>Home Address</label>
								<use>H</use>
								<part>
									<label>Address Line 1</label>
									<type>AL</type>
									<ST>#{from(source.homeAddr1,patient.homeAddr1)}</ST>
								</part>
								<part>
									<label>Address Line 2</label>
									<type>AL</type>
									<ST>#{from(source.homeAddr2,patient.homeAddr2)}</ST>
								</part>
								<!--Modified for CCHIT -->
								<part>
									<label>County</label>
									<type>CTY</type>
									<ST>#{patient.homeCounty}</ST>
								</part>
								<!--Modified for CCHIT -->
								<part>
									<label>State</label>
									<type>STA</type>
									<ST>#{from(source.homeState,patient.homeState)}</ST>
								</part>
								<part>
									<label>Country</label>
									<type>CNT</type>
									<ST>USA</ST>
								</part>
								<part>
									<label>Zip</label>
									<type>ZIP</type>
									<ST>#{from(source.homeZip,patient.homeZip)}</ST>
								</part>
							</AD>
						</addr>
						<ethnicGroupCode>
							<label>Ethnicity</label>
							<new><encoded>#{patient.ethnicity}</encoded></new>
							<valueSet>ethnicity</valueSet>
						</ethnicGroupCode>
						<raceCode>
							<label>Race</label>
							<valueSet>race</valueSet>
						</raceCode>
					</person>
				</player>
			</role>
		</participation>
		<participation name="dataEnterer" typeCode="ENT">
			<role classCode="ROL">
				<id>
					<II>
						<root>#{computeIDRoot(account)}</root>
						<extension>#{user.ldapUID}</extension>
					</II>
				</id>
			</role>
		</participation>
	</act>
</trim>
