<?xml version="1.0" encoding="UTF-8"?>
<trim xmlns="urn:tolven-org:trim:4.0" xmlns:jaxb="http://java.sun.com/xml/ns/jaxb" 
	xmlns:xs="http://www.w3.org/2001/XMLSchema" 
	xmlns:xsi="http://www.w3.org/2001/XMLSchema-instance" 
	xsi:schemaLocation="urn:tolven-org:trim:4.0 http://tolven.org/xsd/trim4">
	<name>docclin/evn/shareProgressNoteIn</name>
	<page>inShareProgressNotes.xhtml</page>
	<drilldown>inShareProgressNotesDD.xhtml</drilldown>
	<application name="ephr">
		<instance>ephr:newInShare</instance>
		<wip>ephr:activity:all</wip>
	</application>
	<act classCode="OBS" moodCode="EVN">
		<bind application="ephr" phase="create">
			<placeholder bindAction="merge">
				<path>ephr:patient:progressnote</path>
			</placeholder>
		</bind>
	</act>
</trim>
